{
  "next-env.d.ts": 1772282780.7960055,
  "next.config.ts": 1772280985.046572,
  "app/layout.tsx": 1773044049.839609,
  "app/page.tsx": 1773046632.877177,
  "app/calendar/page.tsx": 1772281241.0563135,
  "app/scores/page.tsx": 1772284924.8152437,
  "app/courses/[courseId]/page.tsx": 1774686653.7415874,
  "app/api/handouts/route.ts": 1772287309.5058856,
  "app/api/handouts/[id]/route.ts": 1772284107.9311688,
  "app/api/plans/[courseId]/route.ts": 1772282962.228747,
  "app/api/resources/route.ts": 1773333246.4738016,
  "app/api/resources/reorder/route.ts": 1772290297.9098125,
  "app/api/resources/bulk-update/route.ts": 1772291763.3148646,
  "app/api/resources/[id]/route.ts": 1772366607.317612,
  "app/api/resource-folders/route.ts": 1772291977.7463324,
  "app/api/scores/route.ts": 1772281059.615557,
  "app/api/scores/[id]/route.ts": 1772281060.9553165,
  "app/api/courses/route.ts": 1772281791.7577806,
  "app/api/courses/reorder/route.ts": 1772290300.2056234,
  "app/api/courses/[id]/route.ts": 1772281054.0669088,
  "app/api/files/[...path]/route.ts": 1772281085.8872747,
  "app/api/deadlines/route.ts": 1772284488.5441449,
  "app/api/deadlines/[id]/route.ts": 1772281063.4834433,
  "app/api/exams/route.ts": 1772284481.5023198,
  "app/api/exams/[id]/route.ts": 1772281056.5885065,
  "app/api/deep-explain/route.ts": 1773027261.5414665,
  "app/api/deep-explain/status/route.ts": 1773027261.541475,
  "components/ConfirmDialog.tsx": 1772282714.8902524,
  "components/Tabs.tsx": 1772281122.657381,
  "components/SortableItem.tsx": 1772290307.959608,
  "components/PromptButton.tsx": 1772344826.9056616,
  "components/CursorButton.tsx": 1772282934.2993755,
  "components/ResizablePanel.tsx": 1773048770.680732,
  "components/MarkdownRenderer.tsx": 1773074447.8571153,
  "components/Sidebar.tsx": 1772291091.2533128,
  "components/Modal.tsx": 1772281120.329306,
  "components/Toast.tsx": 1772282714.8902829,
  "lib/storage.ts": 1773025380.3118575,
  "lib/api.ts": 1772282714.8902094,
  "lib/ocr.ts": 1772344301.673097,
  "lib/types.ts": 1772345941.9832482,
  "lib/gemini.ts": 1773074463.5861275,
  "README.md": 1773025406.4177637,
  "public/file.svg": 1772280993.5663285,
  "public/vercel.svg": 1772280993.5667057,
  "public/next.svg": 1772280993.5670166,
  "public/globe.svg": 1772280993.5673752,
  "public/window.svg": 1772280993.567723
}